trt,response,dummy_level1,dummy_level2,dummy_level3,dummy2_char1,dummy2_char2,dummy2_char3
1,0.19382130159198663,1,0,0,1,0,0
0,0.574438536413584,1,0,0,0,0,1
0,0.6074368867994807,0,1,0,0,0,1
0,-1.654739861033638,0,1,0,0,1,0
1,1.9404219284160584,0,0,1,1,0,0
