runningTime,caloriesConsumed
4704.467882243413,0
4625.100014285956,142.85714285714286
4568.000888094412,285.7142857142857
4516.432736941106,428.57142857142856
4501.509869523982,571.4285714285714
4563.508799782043,714.2857142857143
4608.862452851483,857.1428571428571
4702.308357796332,1000
