runningTime,caloriesConsumed
180.38444263352906,0
186.32745045333473,142.85714285714286
186.32745045333473,285.7142857142857
186.32745045333473,428.57142857142856
186.32745045333473,571.4285714285714
186.32745045333473,714.2857142857143
186.32745045333473,857.1428571428571
186.32745045333473,1000
